
INSERT INTO SECUENCIAS (SEQ_NAME, SEQ_VALUE) VALUES
('CAMAREROS',10000),
('CLIENTES',10000),
('PRODUCTOS',10000),
('PEDIDOS',10000);

INSERT INTO CAMAREROS VALUES (100,'Pepín Gálvez Ridruejo H2');
INSERT INTO CAMAREROS VALUES (101,'Honorio Martín Salvador H2');

INSERT INTO CLIENTES VALUES (1000,'45332456K','CEDEPSA','2019-10-23', true, 0.0);
INSERT INTO CLIENTES VALUES (1001,'37825543R','ADEPSA','2020-10-12', false, 0.0);
INSERT INTO CLIENTES VALUES (1002,'72344156G','Hermanos Mata S.L.','2019-10-22', true, 1000.0);
INSERT INTO CLIENTES VALUES (1003,'23767723R','Comercial Minos, S.L.','2019-11-21', true, 1500.0);

INSERT INTO PRODUCTOS (CODIGO, NOMBRE, PRECIO, DESCRIPCION, FECHA_ALTA, DESCATALOGADO, FAMILIA) VALUES
(1,'café solo', 1.20, 'Café de Colombia extra','2015-10-20 00:00:00',false,'CAFE'),
(2,'café con leche', 1.40, 'Café de Colombia extra con leche','2015-10-20 00:00:00',false,'CAFE'),
(3,'café cortado', 1.30, 'Café de Colombia cortado','2015-10-20 00:00:00',false,'CAFE'),
(4,'Pollo Kim Jong-un', 11.00, 'Delicioso pollo con arroz y setas','2015-10-20 00:00:00',false,'COMIDA'),
(5,'Pollo Jimmy Carter', 11.60, 'Delicioso pollo con salsa tejana y patata fritas','2015-10-20 00:00:00',false,'COMIDA'),
(6,'Pollo Fidel', 10.00, 'Delicioso pollo con cebolla y naranja ','2015-10-20 00:00:00',false,'COMIDA'),
(7,'Croquetas de Jamón', 6.00, '3 croquetas del mejor jamón','2015-10-20 00:00:00',false,'COMIDA'),
(8,'Patatas Bravas', 8.00, 'Patatas Bravas con salsa picante especialidad de la casa','2015-10-20 00:00:00',false,'COMIDA'),
(9,'CocaCola 33cl', 1.60, 'Botella de cocacola de 33cl','2015-10-20 00:00:00',false,'REFRESCO'),
(10,'Fanta Naranja 33cl', 1.60, 'Botella de Fanta Naranja de 33cl','2015-10-20 00:00:00',false,'REFRESCO'),
(11,'Fanta Limón 33cl', 1.60, 'Botella de Fanta Limón de 33cl','2015-10-20 00:00:00',false,'REFRESCO'),
(12,'CocaCola Zero 33cl', 1.60, 'Botella de CocaCola Zero de 33cl','2015-10-20 00:00:00',false,'REFRESCO'),
(13,'Macarrones Boloñesa', 8.40, 'Macarrones boloñesa','2015-10-20 00:00:00',false,'COMIDA'),
(14,'Hamburguesa Hulk', 9.50, 'Hamburquesa con patatas fritas y salsa roquefort','2015-10-20 00:00:00',false,'COMIDA'),
(15,'Hamburguesa Clásica', 8.00, 'Hamburguesa con tomate y cebolla acompañada con patatas y ','2015-10-20 00:00:00',false,'COMIDA'),
(16,'Risotto de Setas', 11.20, 'Risotto con setas de la Cerdanya','2015-10-20 00:00:00',false,'COMIDA'),
(17,'Cerveza Pilsner Urquell', 2.70, 'La mejor cerveza checa 4,7%','2015-10-20 00:00:00',false,'CERVEZA'),
(18,'Cerveza Heineken', 2.10, 'La mejor cerveza holandesa 5,0%','2015-10-20 00:00:00',false,'CERVEZA'),
(19,'Estrella Damm', 1.80, 'Cerveza rubia 5,0%','2015-10-20 00:00:00',false,'CERVEZA'),
(20,'Estrella Galicia', 1.80, 'Cerveza rubia 4,9%','2015-10-20 00:00:00',false,'CERVEZA'),
(21,'Tortilla de Patata', 5.50, 'Ración de tortilla de patata','2015-10-20 00:00:00',false,'TAPA'),
(22,'Ensaladilla Rusa', 4.00, 'Ensaladilla rusa','2015-10-20 00:00:00',false,'TAPA'),
(23,'Gambas al Ajillo', 6.20, 'Ración de gambas al ajillo','2015-10-20 00:00:00',false,'TAPA'),
(24,'Paella', 24.00, 'Paella valenciana (mínimo dos personas)','2015-10-20 00:00:00',false,'COMIDA'),
(25,'Arroz Negro', 14.00, 'Arroz negro con gambas','2015-10-20 00:00:00',false,'COMIDA'),
(26,'Melón', 2.70, 'Melón','2015-10-20 00:00:00',false,'POSTRE'),
(27,'Flan', 3.10, 'Flan de huevo Fageda','2015-10-20 00:00:00',false,'POSTRE'),
(28,'Helado de Fresa', 3.20, 'Tarrina de Helado de Fresa Frigo','2015-10-20 00:00:00',false,'POSTRE'),
(29,'Helado de Vainilla y Chocolate', 3.20, 'Tarrina de helado vainilla/chocolate Frigo','2015-10-20 00:00:00',false,'POSTRE'),
(30,'Sorbete de Limón', 3.20, 'Sorbete de Limón Frigo','2015-10-20 00:00:00',false,'POSTRE'),
(31,'Agua 33cl Fotvella', 1.00, 'Botellín plástico agua Fontvella 33cl','2015-10-20 00:00:00',true,'AGUA'),
(32,'Agua 1L Fontvella', 2.00, 'Botella plástico agua Fontvella 1L','2015-10-20 00:00:00',false,'AGUA'),
(33,'Agua 1L Solan de Cabras', 2.20, 'Botella 1L agua Solan de Cabras','2015-10-20 00:00:00',false,'AGUA'),
(34,'Agua Vichy Catalán 33cl', 2.60, 'Botella agua con gas Vichy Catalán 33cl','2015-10-20 00:00:00',false,'AGUA'),
(35,'Tabla Jamón Ibérico', 16.00, 'Tabla 250gr jamón ibérico','2015-10-20 00:00:00',false,'TAPA'),
(36,'Tabla variada de Quesos', 12.00, 'Tabla de 250gr de quesos variados','2015-10-20 00:00:00',false,'TAPA'),
(37,'Ensalada Verde', 7.00, 'Ensalada de lechuga, tomate, cebollas y olivas','2015-10-20 00:00:00',true,'COMIDA'),
(38,'Ensalada de Pasta', 8.00, 'Ensalada de espirales con tomate, orégano, atún y tomate','2015-10-20 00:00:00',false,'COMIDA'),
(39,'Enssalada Mixta', 8.00, 'Ensalada con lechuga y embutido','2015-10-20 00:00:00',false,'COMIDA'),
(40,'Copa de Torres 5', 3.60, 'Copa de brandy Torres 5','2015-10-20 00:00:00',false,'LICOR'),
(41,'Copa de Cutty Sark', 3.60, 'Copa de whisky Cutty Sark','2015-10-20 00:00:00',false,'LICOR'),
(42,'Esparragos a la Plancha', 8.50, 'Espárragos a la plancha','2015-10-20 00:00:00',false,'COMIDA'),
(43,'Tarta de Santiago', 4.20, 'Tarta de Santiago, 150gr','2015-10-20 00:00:00',false,'POSTRE'),
(44,'Tarta de Queso', 4.10, 'Tarta de Queso, 150gr','2015-10-20 00:00:00',false,'POSTRE'),
(45,'café descafeinado', 1.30, 'Café descafeinado','2015-10-20 00:00:00',false,'CAFE');


INSERT INTO PEDIDOS (CODIGO, FECHA_HORA, ID_CAMARERO) VALUES
(1 ,'2018-10-20 17:22:14',100),
(2, '2018-10-20 18:40:31',101),
(3, '2018-10-20 18:42:55',101),
(4, '2018-10-20 19:10:07',101),
(5, '2018-10-20 19:15:32',100),
(6, '2018-10-20 19:21:44',101),
(7, '2018-10-20 19:58:10',100),
(8, '2018-10-21 09:05:22',101),
(9, '2018-10-21 09:06:41',101),
(10,'2018-10-21 09:18:35',101);

INSERT INTO LINEAS_PEDIDOS (CODIGO_PEDIDO, INDICE, CODIGO_PRODUCTO, CANTIDAD, PRECIO) VALUES
(1,0,4,1,11.0),
(1,1,6,2,10.0),
(1,2,9,2,1.6),
(1,3,20,2,1.8),
(1,4,15,1,8.00),
(1,5,17,1,2.70),
(1,6,1,2,1.20),
(1,7,3,1,1.30),

(2,0,1,1,1.20),
(2,1,3,1,1.30),

(3,0,1,1,1.20),
(3,1,9,4,1.60),
(3,2,17,2,2.70),
(3,3,20,1,1.80),
(3,4,12,2,1.60),

(4,0,20,8,1.80),
(4,1,19,4,1.80),
(4,2,17,2,2.70),

(5,0,7,3,6),
(5,1,19,2,1.80),
(5,2,8,1,8),
(5,3,9,1,1.60),
(5,4,20,1,1.80),
(5,5,12,1,1.60),

(6,0,17,1,2.70),

(7,0,4,2,11),
(7,1,6,1,10),
(7,2,8,1,8),
(7,3,14,1,9.5),
(7,4,16,2,11.20),
(7,5,9,2,1.60),
(7,6,10,1,1.60),
(7,7,12,1,1.60),
(7,8,18,1,2.10),
(7,9,20,2,1.80),
(7,10,1,4,1.20),
(7,11,3,1,1.30),

(8,0,16,1,11.20),
(8,1,31,1,1),
(8,2,45,1,1.30),

(9,0,37,1,7),
(9,1,15,1,8),
(9,2,41,1,6),
(9,3,1,1,1.20),

(10,0,1,1,1.20);




